columnname,description,groups
age,patients age
sex,patients sex/gender,1 = male; 0 =  female
cp,chest pain type (4 values),0 = typical angina; 1 = atypical angina; 2 = non-anginal pain; 3 = asymptomatic
trestbps,resting blood pressure in mm Hg on admission to the hospital
chol,serum cholestoral in mg/dl
fbs,fasting blood sugar > 120 mg/dl,1 = true; 0 = false
restecg,"resting electrocardiographic results (values 0,1,2)",0 = normal; 1 = having ST-T wave abnormality (T wave inversions and/or ST elevation or depression of > 0.05 mV); 2 = showing probable or definite left ventricular hypertrophy by Estes' criteria
thalach,maximum heart rate achieved
exang,exercise induced angina,1 = yes; 0 = no
oldpeakfl, oldpeak = ST depression induced by exercise relative to rest
slope, the slope of the peak exercise ST segment
ca, number of major vessels (0-3) colored by flourosopy
thal,thalamus,thal: 0 = normal; 1 = fixed defect; 2 = reversable defect
target,target column,0=less chance of heart disease 1=more chance of heart disease
